Game,ReleaseDate,Genre,TotalEarnings,OfflineEarnings,PercentOffline,TotalPlayers,TotalTournaments
Age of Empires,1997,Strategy,736284.75,522378.17,70.95%,624,341
Age of Empires II,1999,Strategy,3898508.73,1361409.22,34.92%,2256,1939
Age of Empires III,2005,Strategy,122256.72,44472.6,36.38%,172,179
Age of Empires IV,2021,Strategy,1190813.44,439117.93,36.88%,643,423
Age of Empires Online,2011,Strategy,11462.98,775,6.76%,52,68
Age of Mythology,2002,Strategy,188619.58,86723.77,45.98%,236,298
Among Us,2018,Strategy,86000,0,0.00%,14,8
Auto Chess,2019,Strategy,1163720.28,1038222.28,89.22%,133,52
Brawl Stars,2018,Strategy,8141511.8,3848208.14,47.27%,698,207
Chess.com,2007,Strategy,8609043.36,853000.02,9.91%,1158,779
chess24,2014,Strategy,4318475.43,0,0.00%,90,29
chessarena.com,2021,Strategy,263363.64,54000,20.50%,134,22
Clash of Clans,2012,Strategy,6085742.37,3722139.37,61.16%,544,81
Clash Royale,2016,Strategy,9059840.93,4386263.8,48.41%,563,132
Clash Royale x Chess,2022,Strategy,0,0,NA,0,0
Command & Conquer 3,2007,Strategy,53086.67,53086.67,100.00%,9,8
Command & Conquer: Red Alert,1996,Strategy,15000,15000,100.00%,8,1
Company of Heroes 2,2013,Strategy,8561.22,7956.22,92.93%,11,6
ComPet,2016,Strategy,2000,0,0.00%,50,1
Dead By Daylight,2016,Strategy,60000,0,0.00%,35,9
Dead by Daylight Mobile,2020,Strategy,10000,0,0.00%,0,1
Dota Underlords,2019,Strategy,26024.18,0,0.00%,62,36
Endgods,2015,Strategy,0,0,NA,0,0
Farming Simulator 19,2018,Strategy,689617.9,228639.83,33.15%,145,32
Farming Simulator 22,2021,Strategy,181663.39,136960.97,75.39%,48,8
GeoGuessr,2013,Strategy,74653.5,74653.5,100.00%,34,2
Grey Goo,2015,Strategy,36400,30400,83.52%,18,5
Heroes of Might and Magic III,1999,Strategy,0,0,NA,0,0
Identity V,2018,Strategy,5796530.92,5225333.4,90.15%,375,29
Internet Chess Club,1995,Strategy,10000,0,0.00%,6,1
Iron Harvest,2020,Strategy,0,0,NA,0,0
Legion TD 2,2021,Strategy,0,0,NA,0,0
Lichess,2010,Strategy,1308106.01,0,0.00%,366,183
Loco Dojo Unleashed,2021,Strategy,1000,1000,100.00%,4,1
Men of War: Assault Squad 2,2014,Strategy,0,0,NA,0,0
Multigaming,2000,Strategy,631156.54,573837.5,90.92%,58,12
Playchess.com,2002,Strategy,32866.58,0,0.00%,116,9
Pokémon GO,2016,Strategy,557990,552000,98.93%,324,72
Pokémon VGC,2012,Strategy,667352,647500,97.03%,322,48
Prophecy,2020,Strategy,13000,0,0.00%,27,4
Rise of Nations: Rise of Legends,2006,Strategy,69600,69600,100.00%,8,1
Sea of Thieves,2016,Strategy,1.00E+05,0,0.00%,67,4
Star Wars: Squadrons,2020,Strategy,800,0,0.00%,4,1
StarCraft II,2010,Strategy,42692707.57,33672991.36,78.87%,2280,7510
StarCraft: Brood War,1998,Strategy,7555915.68,7299575.96,96.61%,663,542
StarCraft: Evo Complete (Mod),2024,Strategy,21687.9,0,0.00%,35,10
StarCraft: Remastered,2017,Strategy,5860787.7,1959028.34,33.43%,413,829
Stormgate,2024,Strategy,39778.85,15000,37.71%,89,32
Summoners War: Sky Arena,2014,Strategy,792000,512000,64.65%,33,7
Super Mario Party,2018,Strategy,220,220,100.00%,4,1
Supreme Commander,2007,Strategy,4901.26,4901.26,100.00%,0,1
Supreme Commander: Forged Alliance,2007,Strategy,1290.01,1290.01,100.00%,0,1
Teamfight Tactics,2019,Strategy,8765860.25,3290172.58,37.53%,871,109
Temtem,2022,Strategy,60500,0,0.00%,35,9
TEPPEN,2019,Strategy,626226.6,456721.47,72.93%,53,24
The Binding of Isaac,2011,Strategy,15000,0,0.00%,16,1
Total Annihilation,1997,Strategy,15000,15000,100.00%,2,1
UNO,2016,Strategy,30000,0,0.00%,28,3
WarCraft III,2002,Strategy,6307153.73,5368595.62,85.12%,768,1550
WarCraft III: Reforged,2020,Strategy,2139958.1,594399.8,27.78%,197,588
"Warhammer 40,000: Dawn of War",2005,Strategy,79816.5,79816.5,100.00%,7,3
"Warhammer 40,000: Dawn of War II",2009,Strategy,0,0,NA,0,0
Warparty,2019,Strategy,1175,0,0.00%,6,2
Windjammers,1994,Strategy,5651.47,5162.16,91.34%,36,16
World in Conflict,2007,Strategy,293338.23,293338.23,100.00%,38,11
World of Tanks,2010,Strategy,6205809.8,5479387.22,88.29%,922,94
World of Tanks Blitz,2016,Strategy,63330,60000,94.74%,14,6
ZeroSpace,2024,Strategy,20000,0,0.00%,11,2
After-H,2019,First-Person Shooter,83863.4,66728.4,79.57%,106,18
Aim Gods,2020,First-Person Shooter,250000,0,0.00%,2,1
Aliens versus Predator 2,2001,First-Person Shooter,43500,43500,100.00%,2,2
Alliance of Valiant Arms,2009,First-Person Shooter,0,0,NA,0,0
Archangel Hellfire,2017,First-Person Shooter,5500,2000,36.36%,14,9
Battalion 1944,2018,First-Person Shooter,206654.67,129863.88,62.84%,135,29
Battlefield 1,2016,First-Person Shooter,0,0,NA,0,0
Battlefield 2,2005,First-Person Shooter,94715.22,94715.22,100.00%,0,13
Battlefield 2142,2006,First-Person Shooter,18546.14,18546.14,100.00%,0,4
Battlefield 3,2011,First-Person Shooter,25407.46,25407.46,100.00%,5,7
Battlefield 4,2013,First-Person Shooter,245766.46,212540.31,86.48%,204,145
Battlefield Hardline,2015,First-Person Shooter,13463.28,13463.28,100.00%,20,1
Battlefield V,2018,First-Person Shooter,0,0,NA,0,0
Beat Aim,2019,First-Person Shooter,430,0,0.00%,12,6
Big Buck Hunter Arcade,2016,First-Person Shooter,76200,76200,100.00%,3,1
Black Squad,2017,First-Person Shooter,8480.72,0,0.00%,57,17
Blaston,2020,First-Person Shooter,19623.06,1780,9.07%,27,22
Borderlands 3,2019,First-Person Shooter,50000,0,0.00%,16,1
Brink,2011,First-Person Shooter,21505.82,21505.82,100.00%,5,1
Call of Duty,2003,First-Person Shooter,54799.77,54799.77,100.00%,66,4
Call of Duty 2,2005,First-Person Shooter,75090.24,69136.44,92.07%,53,17
Call of Duty 4: Modern Warfare,2007,First-Person Shooter,425409.27,393007.11,92.38%,431,87
Call of Duty Online,2013,First-Person Shooter,949542,949542,100.00%,0,8
Call of Duty: Advanced Warfare,2014,First-Person Shooter,2611808.93,2267636.14,86.82%,783,405
Call of Duty: Black Ops,2010,First-Person Shooter,375793.48,346969.18,92.33%,118,23
Call of Duty: Black Ops 2,2012,First-Person Shooter,1479139.25,1430071.63,96.68%,187,54
Call of Duty: Black Ops 4,2018,First-Person Shooter,6734938.95,6631161.95,98.46%,389,82
Call of Duty: Black Ops Cold War,2020,First-Person Shooter,6549000,3500000,53.44%,299,92
Call of Duty: Black Ops III,2015,First-Person Shooter,3939783.29,3783077.02,96.02%,424,78
Call of Duty: Blackout,2018,First-Person Shooter,611608.35,321008.35,52.49%,175,18
Call of Duty: Ghosts,2013,First-Person Shooter,1594185.25,1504472.89,94.37%,199,76
Call of Duty: Infinite Warfare,2016,First-Person Shooter,4166705.06,4049855.06,97.20%,343,84
Call of Duty: Mobile,2019,First-Person Shooter,8364832.75,5834199.69,69.75%,471,43
Call of Duty: Modern Warfare,2019,First-Person Shooter,7500784.5,678562.5,9.05%,396,81
Call of Duty: Modern Warfare 2,2009,First-Person Shooter,117479.89,51010.64,43.42%,69,22
Call of Duty: Modern Warfare 3,2011,First-Person Shooter,1161041.56,1144955.66,98.61%,217,49
Call of Duty: Modern Warfare II,2022,First-Person Shooter,6121126.9,5390000,88.06%,227,38
Call of Duty: Modern Warfare III,2023,First-Person Shooter,6020000,5800000,96.35%,145,15
Call of Duty: Vanguard,2021,First-Person Shooter,6321000,5080000,80.37%,261,91
Call of Duty: Warzone,2020,First-Person Shooter,12904809.95,1686000,13.06%,1279,406
Call of Duty: Warzone 2.0,2022,First-Person Shooter,0,0,NA,0,0
Call of Duty: WWII,2017,First-Person Shooter,4578021,4498605,98.27%,296,77
Chex Quest,1996,First-Person Shooter,100,0,0.00%,2,1
Contractors,2018,First-Person Shooter,1000,0,0.00%,20,1
Counter-Strike,2000,First-Person Shooter,13624160.18,12905226,94.72%,4327,1026
Counter-Strike 2,2023,First-Person Shooter,21155138.09,14444777.21,68.28%,2731,424
Counter-Strike Online,2016,First-Person Shooter,406989.6,406989.6,100.00%,70,12
Counter-Strike: Condition Zero,2004,First-Person Shooter,162150.6,162150.6,100.00%,111,3
Counter-Strike: Global Offensive,2012,First-Person Shooter,162489706.8,105130836.2,64.70%,16518,7033
Counter-Strike: Source,2004,First-Person Shooter,3113222.29,2872766.03,92.28%,1502,331
Critical Ops,2015,First-Person Shooter,98106.41,40000,40.77%,101,5
CrossFire,2007,First-Person Shooter,25128357.96,21774364.07,86.65%,1140,405
CrossFire HD,2022,First-Person Shooter,1934161.1,1373434,71.01%,139,7
CrossFire Mobile,2015,First-Person Shooter,6780944.77,6022238.02,88.81%,282,40
Crysis,2007,First-Person Shooter,11340.95,11340.95,100.00%,0,2
Day of Defeat,2003,First-Person Shooter,51180.41,51180.41,100.00%,43,4
Day of Defeat: Source,2005,First-Person Shooter,14068.57,10286.47,73.12%,50,8
Descent 3,1999,First-Person Shooter,50000,50000,100.00%,1,1
Diabotical,2020,First-Person Shooter,265072.09,25842.43,9.75%,399,388
Doom (2016),2016,First-Person Shooter,7000,7000,100.00%,6,1
Doom 3,2004,First-Person Shooter,257748.16,257748.16,100.00%,14,4
Doom II: Hell on Earth,1994,First-Person Shooter,5108.56,2200,43.06%,14,8
DOOMBRINGER,2017,First-Person Shooter,567.77,0,0.00%,8,4
Echo Combat,2018,First-Person Shooter,46800,46800,100.00%,16,1
Enemy Territory: Quake Wars,2007,First-Person Shooter,60923.12,60923.12,100.00%,27,4
Escape from Tarkov,2020,First-Person Shooter,114600,0,0.00%,150,4
EV.IO,2021,First-Person Shooter,20000,15000,75.00%,27,2
Evolve,2015,First-Person Shooter,131509.05,126054.1,95.85%,110,33
F.E.A.R.,2005,First-Person Shooter,178000,178000,100.00%,20,5
Ghost Recon Advanced Warfighter,2006,First-Person Shooter,24000,24000,100.00%,0,2
Gundam Versus,2017,First-Person Shooter,280,280,100.00%,6,1
Guns of Boom,2017,First-Person Shooter,198750,190000,95.60%,8,21
Halo 2,2004,First-Person Shooter,1626762.47,1489362.47,91.55%,126,74
Halo 2 Anniversary,2014,First-Person Shooter,468705.05,468705.05,100.00%,97,20
Halo 3,2007,First-Person Shooter,2318079.4,2161479.4,93.24%,214,43
Halo 4,2012,First-Person Shooter,430748.76,428498.76,99.48%,66,19
Halo 5: Guardians,2015,First-Person Shooter,7161730.97,6783930.97,94.72%,248,109
Halo Infinite,2021,First-Person Shooter,7003555.03,6522700.03,93.13%,275,58
Halo: Combat Evolved,2001,First-Person Shooter,299281,299281,100.00%,118,39
Halo: Reach,2010,First-Person Shooter,772089.97,712089.97,92.23%,121,29
Ironsight,2018,First-Person Shooter,0,0,NA,0,0
Islands of Nyne,2017,First-Person Shooter,0,0,NA,0,0
Lemnis Gate,2021,First-Person Shooter,1564.7,0,0.00%,6,5
MechWarrior Online,2013,First-Person Shooter,143490,143490,100.00%,0,1
Metal Gear Online,2008,First-Person Shooter,8000,0,0.00%,37,8
Onward,2016,First-Person Shooter,161820,123000,76.01%,92,8
Overwatch,2016,First-Person Shooter,35259225.38,18840032.08,53.43%,4047,847
Overwatch 2,2022,First-Person Shooter,12861360.04,8210380.04,63.84%,1329,138
Painkiller,2004,First-Person Shooter,1015000,1015000,100.00%,48,13
Paladins,2015,First-Person Shooter,2490507.6,1789000,71.83%,571,79
Pavlov,2017,First-Person Shooter,1260,0,0.00%,19,3
Pistol Whip,2019,First-Person Shooter,7500,0,0.00%,13,1
Point Blank,2008,First-Person Shooter,1903561.1,1725721.63,90.66%,583,112
Quake 4,2005,First-Person Shooter,564455.57,562204.81,99.60%,107,54
Quake Champions,2017,First-Person Shooter,3520578.25,2563328.35,72.81%,334,290
Quake II,1997,First-Person Shooter,130725.98,130100,99.52%,37,12
Quake III Arena,1999,First-Person Shooter,1198106.02,1180293.99,98.51%,309,115
Quake Live,2010,First-Person Shooter,684854.12,599972.93,87.61%,225,411
QuakeWorld,1996,First-Person Shooter,104913.39,99067.16,94.43%,57,16
Rage,2011,First-Person Shooter,5000,5000,100.00%,3,1
Rainbow Six Extraction,2022,First-Person Shooter,0,0,NA,0,0
Rainbow Six Siege,2015,First-Person Shooter,48130526.59,37241404.36,77.38%,3070,568
Rainbow Six: Vegas,2006,First-Person Shooter,176400.77,176400.77,100.00%,106,7
Rainbow Six: Vegas 2,2008,First-Person Shooter,79000,79000,100.00%,0,8
Realm Royale,2018,First-Person Shooter,263000,0,0.00%,47,9
Reflex,2015,First-Person Shooter,2458.37,163.66,6.66%,24,9
Resistance 2,2008,First-Person Shooter,50400,0,0.00%,194,1
Return to Castle Wolfenstein,2001,First-Person Shooter,113424.3,113424.3,100.00%,50,3
Rust,2013,First-Person Shooter,50000,0,0.00%,46,1
S.K.I.L.L. - Special Force 2,2013,First-Person Shooter,147532.93,131555.81,89.17%,97,22
S.T.A.L.K.E.R.: Shadow of Chernobyl,2007,First-Person Shooter,4901.26,4901.26,100.00%,0,1
Shadowrun,2007,First-Person Shooter,24000,24000,100.00%,0,3
ShootMania Storm,2013,First-Person Shooter,262090.69,258286.5,98.55%,108,43
Snapshot VR,2020,First-Person Shooter,1000,0,0.00%,15,2
Space Junkies,2019,First-Person Shooter,30420,24600,80.87%,33,4
Special Force,2004,First-Person Shooter,130250,130250,100.00%,0,3
Splatoon,2015,First-Person Shooter,1390,0,0.00%,3,4
Splatoon 2,2017,First-Person Shooter,8930,8630,96.64%,13,6
Star Wars Jedi Knight II: Jedi Outcast,2002,First-Person Shooter,7679.25,7679.25,100.00%,0,1
Sudden Attack,2005,First-Person Shooter,0,0,NA,0,0
Team Fortress 2,2007,First-Person Shooter,775660.02,438928.41,56.59%,1471,207
The Finals,2023,First-Person Shooter,0,0,NA,0,0
Tower Tag,2020,First-Person Shooter,5170.41,0,0.00%,25,5
Uncharted 4: A Thief's End,2016,First-Person Shooter,46235.07,46235.07,100.00%,5,1
Unreal Tournament,1999,First-Person Shooter,89000,89000,100.00%,14,5
Unreal Tournament (2016),2016,First-Person Shooter,5084.97,0,0.00%,82,8
Unreal Tournament 2003,2002,First-Person Shooter,147473.91,147473.91,100.00%,33,14
Unreal Tournament 2004,2004,First-Person Shooter,152421.78,151871.78,99.64%,54,14
Unreal Tournament 3,2007,First-Person Shooter,104977.82,104977.82,100.00%,7,4
Vail VR,2022,First-Person Shooter,0,0,NA,0,0
VAIL VR,2022,First-Person Shooter,36000,35000,97.22%,30,2
VALORANT,2020,First-Person Shooter,32018215.37,19298867.52,60.27%,7465,1316
Warface,2013,First-Person Shooter,109555,109555,100.00%,32,2
Warsow,2012,First-Person Shooter,183,0,0.00%,2,1
Wolfenstein: Enemy Territory,2003,First-Person Shooter,140963.24,138376.87,98.17%,152,18
Xonotic,2010,First-Person Shooter,14935.01,26.07,0.17%,96,44
Zombieland VR: Headshot Fever,2021,First-Person Shooter,10000,0,0.00%,4,1
Zula,2015,First-Person Shooter,162500,160000,98.46%,38,3
Arena of Valor,2015,Multiplayer Online Battle Arena,98746138.92,94528965.41,95.73%,2231,179
Battlerite,2016,Multiplayer Online Battle Arena,65227.95,28000,42.93%,88,76
Blankos Block Party,2020,Multiplayer Online Battle Arena,250,0,0.00%,3,1
Bloodline Champions,2011,Multiplayer Online Battle Arena,41905.32,40850,97.48%,43,12
Crab Game,2021,Multiplayer Online Battle Arena,45950,44000,95.76%,32,11
Creative Destruction,2018,Multiplayer Online Battle Arena,1.00E+05,0,0.00%,8,1
Deadlock,2024,Multiplayer Online Battle Arena,12610,0,0.00%,27,4
Defense of the Ancients,2003,Multiplayer Online Battle Arena,918125.6,878963.63,95.73%,504,105
Dofus,2004,Multiplayer Online Battle Arena,0,0,NA,0,0
Dota 2,2013,Multiplayer Online Battle Arena,360461163.4,313554838.5,86.99%,4980,1934
Dream Three Kingdoms 2,2015,Multiplayer Online Battle Arena,0,0,NA,0,1
Heavy Metal Machines,2017,Multiplayer Online Battle Arena,12339.33,0,0.00%,35,1
Heroes of Newerth,2010,Multiplayer Online Battle Arena,3073445.72,1722436.17,56.04%,820,395
Heroes of the Storm,2015,Multiplayer Online Battle Arena,18464719.38,14254535.64,77.20%,1326,506
Hyper Scape,2020,Multiplayer Online Battle Arena,299000,0,0.00%,260,4
League of Legends,2009,Multiplayer Online Battle Arena,113596024.6,98546688.28,86.75%,9588,3000
League of Legends: Wild Rift,2021,Multiplayer Online Battle Arena,11193427.98,8310360.3,74.24%,1473,117
Legend of Glory,2015,Multiplayer Online Battle Arena,472.66,0,0.00%,0,1
Minecraft,2011,Multiplayer Online Battle Arena,3008059.15,199650,6.64%,613,142
MOBA Legends,2016,Multiplayer Online Battle Arena,225,0,0.00%,3,1
Mobile Legends: Bang Bang,2016,Multiplayer Online Battle Arena,17019451.87,15261734.15,89.67%,2261,155
Onmyoji Arena,2018,Multiplayer Online Battle Arena,89679.22,89679.22,100.00%,5,1
Pokemon Unite,2021,Multiplayer Online Battle Arena,2802324.2,1849037.5,65.98%,850,61
Roblox,2006,Multiplayer Online Battle Arena,0,0,NA,0,0
Shards of War,2015,Multiplayer Online Battle Arena,1029.21,0,0.00%,20,1
SMITE,2014,Multiplayer Online Battle Arena,12580110.75,10017832.57,79.63%,556,110
Splitgate: Arena Warfare,2019,Multiplayer Online Battle Arena,360000,0,0.00%,92,4
Teeworlds,2007,Multiplayer Online Battle Arena,0,0,NA,0,0
Vainglory,2014,Multiplayer Online Battle Arena,937421.19,836825.87,89.27%,262,36
Blade & Soul,2012,Role-Playing Game,679006.26,679006.26,100.00%,89,7
Cave Digger 2,2021,Role-Playing Game,750,0,0.00%,4,1
Chivalry 2,2021,Role-Playing Game,0,0,NA,0,0
Guild Wars 2,2012,Role-Playing Game,476005.5,350000,73.53%,152,57
Naraka: Bladepoint,2021,Role-Playing Game,4357330.52,3922900,90.03%,177,14
Old School Runescape,2013,Role-Playing Game,457504.2,28500,6.23%,84,26
Red Stone,2004,Role-Playing Game,58000,58000,100.00%,12,2
Stardew Valley,2016,Role-Playing Game,97850,0,0.00%,69,3
Tibia,1997,Role-Playing Game,952.94,952.94,100.00%,1,1
World of WarCraft,2004,Role-Playing Game,9150537.61,5081388.91,55.53%,503,225
Acceleration of SUGURI 2,2018,Fighting Game,410,210,51.22%,8,3
Akatsuki Blitzkampf,2007,Fighting Game,20,0,0.00%,3,1
Aquapazza: Aquaplus Dream Match,2011,Fighting Game,245,245,100.00%,5,2
Arcana Heart 3,2009,Fighting Game,1000,1000,100.00%,4,1
Arcana Heart 3: Love Max Six Stars!!!!!,2014,Fighting Game,570,520,91.23%,8,4
Arcana Heart 3: LOVE MAX!!!!!,2013,Fighting Game,410,410,100.00%,6,2
ARMS,2017,Fighting Game,22759.9,13672.93,60.07%,133,116
Asuka 120% LimitOver BURNING Fest.,1998,Fighting Game,10,0,0.00%,3,1
Attack on Titan Tribute Game,2013,Fighting Game,108650,0,0.00%,21,15
BlazBlue: Calamity Trigger,2008,Fighting Game,35,35,100.00%,3,1
BlazBlue: Central Fiction,2015,Fighting Game,106192.78,105895.94,99.72%,130,57
BlazBlue: Chronophantasma,2012,Fighting Game,37020.58,37020.58,100.00%,63,15
BlazBlue: Chronophantasma Extend,2015,Fighting Game,4918.77,4918.77,100.00%,28,11
BlazBlue: Continuum Shift Extend,2011,Fighting Game,0,0,NA,3,1
BlazBlue: Continuum Shift II,2010,Fighting Game,24591.01,24591.01,100.00%,14,5
BlazBlue: Cross Tag Battle,2018,Fighting Game,98682.7,96434.31,97.72%,133,43
Bloody Roar Extreme,2002,Fighting Game,1370,1370,100.00%,3,1
Brawlhalla,2015,Fighting Game,4268987.83,1074264.04,25.16%,880,698
Brawlout,2017,Fighting Game,0,0,NA,0,0
Breakers Revenge,1998,Fighting Game,16,0,0.00%,3,1
Capcom vs. SNK,2000,Fighting Game,140,140,100.00%,6,2
Capcom vs. SNK 2,2001,Fighting Game,25966.79,25966.79,100.00%,39,24
Chaos Code: New Sign of Catastrophe,2013,Fighting Game,140,140,100.00%,3,1
Dead or Alive 4,2005,Fighting Game,497745.31,497745.31,100.00%,45,13
Dead or Alive 5,2012,Fighting Game,0,0,NA,4,2
Dead or Alive 5 Ultimate,2013,Fighting Game,0,0,NA,37,7
Dead or Alive 5: Last Round,2015,Fighting Game,15413.82,15413.82,100.00%,46,20
Dead or Alive 6,2019,Fighting Game,64742.54,63632.54,98.29%,67,21
Dead or Alive Ultimate,2004,Fighting Game,30000,30000,100.00%,3,1
Def Jam: Fight for NY,2004,Fighting Game,550,360,65.45%,6,3
Dengeki Bunko: Fighting Climax,2014,Fighting Game,60,60,100.00%,3,1
Dengeki Bunko: Fighting Climax Ignition,2015,Fighting Game,3852.8,3667.3,95.19%,40,14
Digimon Rumble Arena,2001,Fighting Game,200,0,0.00%,5,2
Divekick,2013,Fighting Game,5840,5840,100.00%,27,11
DNF Duel,2022,Fighting Game,129145.48,128145.48,99.23%,53,13
Dragon Ball FighterZ,2018,Fighting Game,518915.52,491873.16,94.79%,300,183
Dragon Ball Z: Budokai 3,2004,Fighting Game,204.06,204.06,100.00%,3,1
Duck Game,2014,Fighting Game,750,0,0.00%,5,2
Eternal Fighter Zero,2000,Fighting Game,1311.6,0,0.00%,7,2
Fantasy Strike,2019,Fighting Game,5799.8,2610,45.00%,21,5
Fight of Animals,2019,Fighting Game,630.68,0,0.00%,9,4
Fighter's History Dynamite,1994,Fighting Game,195,195,100.00%,3,1
Fighting EX Layer,2018,Fighting Game,1642.96,1632.96,99.39%,16,7
Garou: Mark of the Wolves,1999,Fighting Game,658.71,513.71,77.99%,13,4
Granblue Fantasy Versus: Rising,2023,Fighting Game,154742.8,151802.8,98.10%,79,22
Granblue Fantasy: Versus,2020,Fighting Game,205435.88,171364.77,83.42%,125,87
Guilty Gear,1998,Fighting Game,32,32,100.00%,3,1
Guilty Gear -STRIVE-,2021,Fighting Game,694848.84,595274.73,85.67%,319,116
Guilty Gear Xrd -REVELATOR-,2016,Fighting Game,36437.43,36437.43,100.00%,61,19
Guilty Gear Xrd -SIGN-,2014,Fighting Game,38065.66,38065.66,100.00%,82,39
Guilty Gear Xrd REV 2,2017,Fighting Game,145852.1,145657.1,99.87%,136,67
Guilty Gear XX,2002,Fighting Game,0,0,NA,5,2
Guilty Gear XX #Reload,2003,Fighting Game,0,0,NA,3,1
Guilty Gear XX Accent Core,2007,Fighting Game,10365,10365,100.00%,33,4
Guilty Gear XX Accent Core Plus,2008,Fighting Game,0,0,NA,3,1
Guilty Gear XX Accent Core Plus R,2012,Fighting Game,20680.9,12408.76,60.00%,97,35
Guilty Gear XX Slash,2005,Fighting Game,10250,10250,100.00%,6,2
Hokuto no Ken,2005,Fighting Game,145,145,100.00%,3,1
Hyper Street Fighter II,2003,Fighting Game,10250,10250,100.00%,8,1
HYPERFIGHT,2019,Fighting Game,140,0,0.00%,4,2
Idol Showdown,2023,Fighting Game,188,188,100.00%,3,1
Injustice 2,2017,Fighting Game,837447.16,836014.57,99.83%,81,38
Injustice: Gods Among Us,2013,Fighting Game,35176.89,35176.89,100.00%,101,117
JoJo's Bizarre Adventure: All Star Battle R,2022,Fighting Game,780,780,100.00%,8,1
JoJo's Bizarre Adventure: Heritage for the Future,1999,Fighting Game,324.99,0,0.00%,8,3
Kill la Kill the Game: IF,2019,Fighting Game,920,770,83.70%,12,4
Killer Instinct (2013),2013,Fighting Game,268193.54,268123.54,99.97%,137,59
King of Fighters 2002 Unlimited Match,2009,Fighting Game,760,760,100.00%,6,2
King of Fighters 98,1998,Fighting Game,7945.57,7945.57,100.00%,7,3
King of Fighters XI,2005,Fighting Game,25,25,100.00%,3,1
King of Fighters XIII,2010,Fighting Game,46294.28,46294.28,100.00%,106,44
King of Fighters XIV,2016,Fighting Game,83801.59,82941.59,98.97%,95,41
King of Fighters XV,2022,Fighting Game,368613.14,341929.72,92.76%,179,51
Kirby Fighters 2,2020,Fighting Game,222.86,0,0.00%,4,1
Koihime Enbu,2016,Fighting Game,1765,1615,91.50%,14,7
Lethal League Blaze,2018,Fighting Game,5643.92,1677.75,29.73%,25,12
Maiden & Spell,2020,Fighting Game,325,0,0.00%,5,2
Marvel vs. Capcom 2,2000,Fighting Game,39279.73,39269.73,99.97%,68,29
Marvel vs. Capcom 3,2011,Fighting Game,22343.62,22343.62,100.00%,38,12
Marvel vs. Capcom: Infinite,2017,Fighting Game,76256.72,76202.12,99.93%,60,22
Melty Blood: Actress Again,2009,Fighting Game,0,0,NA,10,2
Melty Blood: Actress Again Current Code,2010,Fighting Game,12937.44,10172.51,78.63%,73,25
Melty Blood: Type Lumina,2021,Fighting Game,63817.23,63817.23,100.00%,72,23
Mighty Fight Federation,2021,Fighting Game,100,0,0.00%,3,1
Million Arthur: Arcana Blood,2017,Fighting Game,7540,7530,99.87%,12,4
Mordhau,2019,Fighting Game,16623,0,0.00%,40,3
Mortal Kombat 1,2023,Fighting Game,344710.47,289710.47,84.04%,129,26
Mortal Kombat 11,2019,Fighting Game,611478.76,519216.56,84.91%,236,64
Mortal Kombat 9,2011,Fighting Game,136891.67,136891.67,100.00%,67,26
Mortal Kombat vs. DC Universe,2008,Fighting Game,0,0,NA,3,1
Mortal Kombat X,2015,Fighting Game,563532.42,563532.42,100.00%,100,62
Mortal Kombat XL,2016,Fighting Game,134263.79,129263.79,96.28%,56,19
MultiVersus,2022,Fighting Game,114202.5,100151.5,87.70%,59,10
Mystery Game Tournament,2019,Fighting Game,10995,10995,100.00%,56,8
Naruto Shippuden: Ultimate Ninja Storm 4,2016,Fighting Game,4550,2000,43.96%,7,5
Naruto: Gekitou Ninja Taisen! 4,2005,Fighting Game,200,0,0.00%,3,1
Ninja Legends,2019,Fighting Game,1000,0,0.00%,6,1
Nitroplus Blasterz: Heroines Infinite Duel,2015,Fighting Game,1994,1994,100.00%,10,4
Persona 4 Arena,2012,Fighting Game,6336.63,6336.63,100.00%,42,11
Persona 4 Arena Ultimax,2013,Fighting Game,21138.16,21138.16,100.00%,69,22
Pocket Bravery,2022,Fighting Game,452.35,452.35,100.00%,3,1
Pocket Rumble,2016,Fighting Game,185,0,0.00%,5,2
Pokkén Tournament,2016,Fighting Game,77216.66,76971.66,99.68%,65,26
Pokkén Tournament DX,2017,Fighting Game,22125.4,21914,99.04%,44,28
Power Instinct: Matrimelee,2002,Fighting Game,90,0,0.00%,5,2
Power Rangers: Battle for the Grid,2019,Fighting Game,6946.8,3286.2,47.31%,27,13
Power Rangers: Legacy Wars,2017,Fighting Game,4178.55,4178.55,100.00%,2,1
Project Justice,2000,Fighting Game,165,165,100.00%,3,1
Project M,2010,Fighting Game,205292.09,205292.09,100.00%,560,335
Project Plus,2019,Fighting Game,195,0,0.00%,6,2
Punch Planet,2017,Fighting Game,400,0,0.00%,6,2
Red Earth,1996,Fighting Game,100,0,0.00%,3,1
Rising Thunder,2015,Fighting Game,1000,1000,100.00%,3,1
Rivals of Aether,2015,Fighting Game,41314.85,38783.23,93.87%,63,24
Roof Rage,2019,Fighting Game,50,0,0.00%,3,1
Rushdown Revolt,2021,Fighting Game,4160.09,0,0.00%,31,18
Sailor Moon S,1995,Fighting Game,3281.19,3271.19,99.70%,20,12
Samurai Shodown (2019),2019,Fighting Game,79368.31,79243.31,99.84%,77,22
Samurai Shodown III,1995,Fighting Game,70,0,0.00%,5,2
Samurai Shodown V Special,2004,Fighting Game,590.57,490.11,82.99%,15,5
Schwarzerblitz,2020,Fighting Game,200,0,0.00%,5,2
Sekiro: Shadows Die Twice,2019,Fighting Game,19596,0,0.00%,20,1
Shovel Knight Showdown,2019,Fighting Game,60,60,100.00%,3,1
Shrek SuperSlam,2005,Fighting Game,80,0,0.00%,4,2
Skullgirls,2012,Fighting Game,300,300,100.00%,3,1
Skullgirls 2nd Encore,2015,Fighting Game,84813.02,51251,60.43%,84,29
Skullgirls Encore,2014,Fighting Game,9155.4,9155.4,100.00%,37,13
Slap City,2018,Fighting Game,600,0,0.00%,5,2
SLAYERS FOR HIRE,2020,Fighting Game,600,0,0.00%,8,2
Smash Remix,2019,Fighting Game,299.06,0,0.00%,4,1
SNK Heroines: Tag Team Frenzy,2018,Fighting Game,430,430,100.00%,3,1
Soul Calibur II,2003,Fighting Game,4980,4980,100.00%,17,8
Soul Calibur II HD Online,2013,Fighting Game,945.41,945.41,100.00%,29,5
Soul Calibur IV,2008,Fighting Game,260,260,100.00%,3,2
Soul Calibur V,2012,Fighting Game,62928.54,62928.54,100.00%,76,28
Soul Calibur VI,2018,Fighting Game,177627.27,159953.28,90.05%,128,72
Stick Fight the Game,2017,Fighting Game,700,0,0.00%,5,2
Street Fighter 6,2023,Fighting Game,5179896.65,4800868.03,92.68%,393,120
Street Fighter Alpha 2,1996,Fighting Game,3324.69,2210,66.47%,26,12
Street Fighter Alpha 3,1998,Fighting Game,340,340,100.00%,16,5
Street Fighter EX2 Plus,1999,Fighting Game,350,350,100.00%,5,2
Street Fighter III: 3rd Strike,1999,Fighting Game,113008.54,111311.32,98.50%,179,57
Street Fighter IV,2009,Fighting Game,15110.82,15110.82,100.00%,43,13
Street Fighter V,2016,Fighting Game,2334386.94,2285886.94,97.92%,281,131
Street Fighter V: Arcade Edition,2018,Fighting Game,2267283.95,2266433.95,99.96%,244,105
Street Fighter V: Champion Edition,2020,Fighting Game,1248126.27,707643.81,56.70%,264,154
Street Fighter X Tekken,2012,Fighting Game,105990.64,98129.34,92.58%,134,95
Super Smash Bros.,1999,Fighting Game,79820.05,79680.05,99.82%,242,131
Super Smash Bros. Brawl,2008,Fighting Game,248100.83,248100.83,100.00%,509,348
Super Smash Bros. for Wii U,2014,Fighting Game,1517451.47,1512816.47,99.69%,1284,1036
Super Smash Bros. Melee,2001,Fighting Game,4221849.29,4040278.51,95.70%,2012,2746
Super Smash Bros. Ultimate,2018,Fighting Game,2929881.74,2424346.86,82.75%,2419,1757
Super Street Fighter II Turbo,1994,Fighting Game,28227.29,28227.29,100.00%,126,55
Super Street Fighter II Turbo HD Remix,2008,Fighting Game,22160,22160,100.00%,55,9
Super Street Fighter IV,2010,Fighting Game,30229.3,20877.3,69.06%,43,18
Super Street Fighter IV Arcade Edition,2010,Fighting Game,391186.67,391186.67,100.00%,195,209
Tatsunoko vs. Capcom: Ultimate All-Stars,2010,Fighting Game,2771.76,1330.81,48.01%,16,16
Teenage Mutant Ninja Turtles: Tournament Fighters,1993,Fighting Game,820,820,100.00%,7,2
Tekken 4,2001,Fighting Game,12500,12500,100.00%,4,4
Tekken 5,2004,Fighting Game,10250,10250,100.00%,10,9
Tekken 5: Dark Resurrection,2006,Fighting Game,12180,12180,100.00%,18,5
Tekken 6,2007,Fighting Game,122743.68,122743.68,100.00%,64,30
Tekken 7,2015,Fighting Game,3911820.6,3648598.41,93.27%,634,426
Tekken 8,2024,Fighting Game,1506651.86,1474502.77,97.87%,208,40
Tekken Tag Tournament,1999,Fighting Game,0,0,NA,7,4
Tekken Tag Tournament 2,2011,Fighting Game,118501.3,118501.3,100.00%,151,140
The Last Blade 2,1998,Fighting Game,60,0,0.00%,4,2
The Unspoken,2018,Fighting Game,38824.08,38824.08,100.00%,7,4
Them's Fightin' Herds,2018,Fighting Game,7218.19,3170,43.92%,30,30
Toribash,2006,Fighting Game,100,0,0.00%,3,1
Tough Love Arena,2021,Fighting Game,100,0,0.00%,3,1
Touhou Hisoutensoku ~ Choudokyuu Ginyoru no Nazo o Oe,2009,Fighting Game,4501.52,220,4.89%,18,6
TowerFall: Ascension,2013,Fighting Game,0,0,NA,0,0
Ultimate Marvel vs. Capcom 3,2011,Fighting Game,186685.27,184557.92,98.86%,223,198
Ultimate Mortal Kombat 3,1995,Fighting Game,150,150,100.00%,6,2
Ultra Fight Da! Kyanta 2,2019,Fighting Game,320,320,100.00%,3,1
Ultra Street Fighter IV,2014,Fighting Game,818394.62,818354.62,100.00%,242,233
Umineko: Golden Fantasia,2010,Fighting Game,190,90,47.37%,9,3
Under Night In-Birth EXE: Late,2014,Fighting Game,6025.76,6025.76,100.00%,52,23
Under Night In-Birth EXE: Late[cl-r],2020,Fighting Game,10362.01,9732.25,93.92%,40,10
Under Night In-Birth EXE: Late[st],2015,Fighting Game,54583.33,54583.33,100.00%,109,40
Under Night In-Birth II [Sys:Celes],2024,Fighting Game,76510.86,76510.86,100.00%,66,15
Vampire Savior,1997,Fighting Game,19072.38,17925.17,93.98%,44,25
Virtua Fighter 4: Evolution,2002,Fighting Game,0,0,NA,6,3
Virtua Fighter 5,2007,Fighting Game,39830,39830,100.00%,14,7
Virtua Fighter 5 Final Showdown,2010,Fighting Game,573.77,573.77,100.00%,28,6
Virtua Fighter 5: Ultimate Showdown,2021,Fighting Game,17070,16070,94.14%,22,4
Windjammers 2,2022,Fighting Game,1056.07,1056.07,100.00%,3,56
WWE 2K20,2019,Fighting Game,50000,0,0.00%,20,2
Asphalt 4,2008,Racing,29500,29500,100.00%,5,2
Asphalt 9: Legends,2018,Racing,51520,51520,100.00%,5,2
Assetto Corsa,2014,Racing,979920.9,671703.55,68.55%,302,131
Assetto Corsa Competizione,2018,Racing,561404.09,340767.5,60.70%,511,64
Dirt Rally 2.0,2019,Racing,30000,10000,33.33%,9,4
Epic Roller Coasters VR,2018,Racing,1000,0,0.00%,3,1
F1 2018,2018,Racing,2.00E+05,2.00E+05,100.00%,21,1
F1 2019,2019,Racing,538047.38,538047.38,100.00%,25,2
F1 2020,2020,Racing,752235,0,0.00%,42,3
F1 2021,2021,Racing,765939,0,0.00%,35,4
F1 22,2022,Racing,750324,0,0.00%,25,2
Forza Horizon 5,2021,Racing,25000,500,2.00%,24,11
Forza Motorsport (2023),2023,Racing,59750,4950,8.28%,93,5
Forza Motorsport 2,2007,Racing,222000,222000,100.00%,17,2
Forza Motorsport 3,2009,Racing,11000,11000,100.00%,3,2
Forza Motorsport 4,2011,Racing,132.37,132.37,100.00%,2,1
Forza Motorsport 6,2015,Racing,172600,170200,98.61%,43,9
Forza Motorsport 7,2017,Racing,842700,616200,73.12%,140,13
Gran Turismo 3: A-Spec,2001,Racing,3250,3250,100.00%,4,2
Gran Turismo 4,2004,Racing,44000,44000,100.00%,5,2
Gran Turismo Sport,2017,Racing,61522.56,27511,44.72%,126,25
GRID (2019),2019,Racing,218.75,218.75,100.00%,3,1
Hot Lap League,2021,Racing,0,0,NA,0,0
iRacing.com,2008,Racing,3757336.03,939017.1,24.99%,1302,189
Jak 3,2004,Racing,0,0,NA,0,0
Jak and Daxter: The Precursur Legacy,2001,Racing,500,0,0.00%,4,1
Jak II,2003,Racing,0,0,NA,14,1
KartRider,2004,Racing,567366.35,567366.35,100.00%,76,20
Live for Speed,2003,Racing,11833.14,9219.14,77.91%,24,10
Mad Skills Motocross 2,2017,Racing,80163,80163,100.00%,23,3
Marbles on Stream,2018,Racing,0,0,NA,0,0
Mario Kart 8 Deluxe,2017,Racing,14654.44,5004.44,34.15%,55,10
NASCAR Heat 4,2019,Racing,200500,0,0.00%,34,5
Nascar Heat 5,2020,Racing,6125,2500,40.82%,20,2
NASCAR Thunder 2002,2001,Racing,7679.25,7679.25,100.00%,0,1
NASCAR Thunder 2003,2002,Racing,5933.5,5933.5,100.00%,0,1
Need for Speed Carbon,2006,Racing,36322.58,36322.58,100.00%,12,4
Need for Speed: Most Wanted,2005,Racing,35694.54,35694.54,100.00%,18,7
Need for Speed: ProStreet,2007,Racing,32208.46,32208.46,100.00%,12,3
Need for Speed: Shift,2009,Racing,10500,10500,100.00%,3,1
Need for Speed: Underground,2003,Racing,35000,35000,100.00%,3,1
Need for Speed: Underground 2,2004,Racing,35629.48,35629.48,100.00%,8,3
Project Cars,2015,Racing,68955.21,10602.71,15.38%,53,127
Project Cars 2,2017,Racing,66150,58150,87.91%,37,22
Project Gotham Racing 2,2003,Racing,35000,35000,100.00%,4,2
Project Gotham Racing 3,2005,Racing,297286.85,297286.85,100.00%,33,10
Project Gotham Racing 4,2007,Racing,25208.46,25208.46,100.00%,5,4
RaceRoom Racing Experience,2013,Racing,279172.5,82583.7,29.58%,168,28
Rennsport,2022,Racing,2131805.52,2104686.02,98.73%,65,9
rFactor,2005,Racing,15083.56,0,0.00%,51,4
rFactor 2,2013,Racing,2219963.12,1452396.94,65.42%,557,103
Speedrunners,2016,Racing,150,0,0.00%,5,2
Sprint Vector,2018,Racing,11750,11750,100.00%,8,1
Trackmania (2020),2020,Racing,870387.31,315006.92,36.19%,830,796
TrackMania 2: Canyon,2011,Racing,24093.35,18553.65,77.01%,26,39
TrackMania 2: Stadium,2013,Racing,200563.87,109371.91,54.53%,345,286
Trackmania 2: Valley,2013,Racing,779.34,779.34,100.00%,6,2
TrackMania Nations,2006,Racing,112883.55,68474.97,60.66%,43,18
TrackMania Nations Forever,2008,Racing,197927.78,169688.91,85.73%,143,86
Trackmania Turbo,2016,Racing,679.41,0,0.00%,6,2
Trackmania United,2006,Racing,1027.5,1027.5,100.00%,3,1
Trackmania United Forever,2008,Racing,4603.55,0,0.00%,25,2
Trials Fusion,2014,Racing,0,0,NA,0,0
Turbo Racing League,2013,Racing,1.00E+06,5.00E+05,50.00%,16,9
Void Racer,2020,Racing,460,0,0.00%,4,1
WRC 10 FIA World Rally Championship,2021,Racing,25250,25250,100.00%,1,1
Carom 3D,1999,Sports,60500,60500,100.00%,11,4
Dream league Soccer,2019,Sports,0,0,NA,0,0
EA Sports FC 24,2023,Sports,7356431.34,6950011.98,94.48%,348,76
EA Sports FC Online,2023,Sports,713675.79,639284.99,89.58%,96,11
Echo Arena,2017,Sports,193732.32,169362.32,87.42%,126,22
eFootball,2021,Sports,492000,25000,5.08%,62,14
Eleven Table Tennis,2016,Sports,0,0,NA,0,0
FIFA 03,2002,Sports,54066.44,54066.44,100.00%,10,3
FIFA 04,2003,Sports,40000,40000,100.00%,3,3
FIFA 05,2004,Sports,57728.01,57728.01,100.00%,5,8
FIFA 06,2005,Sports,112464.53,112464.53,100.00%,23,12
FIFA 07,2006,Sports,238312.23,238312.23,100.00%,43,14
FIFA 08,2007,Sports,207129.94,207129.94,100.00%,68,17
FIFA 09,2008,Sports,121618.34,115321.42,94.82%,52,19
FIFA 10,2009,Sports,117026.71,90147.21,77.03%,64,48
FIFA 11,2010,Sports,93983.77,85154.02,90.61%,72,78
FIFA 12,2011,Sports,57931.52,50779.42,87.65%,59,67
FIFA 13,2012,Sports,458427.82,448195.59,97.77%,53,62
FIFA 14,2013,Sports,96347.81,87377.48,90.69%,57,69
FIFA 15,2014,Sports,144373.99,116439.15,80.65%,167,352
FIFA 16,2015,Sports,118401.61,117457.44,99.20%,62,29
FIFA 17,2016,Sports,1487809.08,1487809.08,100.00%,135,49
FIFA 18,2017,Sports,2233697.69,2221267.08,99.44%,235,48
FIFA 19,2018,Sports,3287686.79,3210843.28,97.66%,331,53
FIFA 20,2019,Sports,2598643.56,1141158.77,43.91%,363,67
FIFA 2000,1999,Sports,50000,50000,100.00%,4,1
FIFA 2001,2000,Sports,46000,46000,100.00%,9,2
FIFA 2002 World Cup,2002,Sports,43000,43000,100.00%,8,1
FIFA 21,2020,Sports,4733259.11,1530671.04,32.34%,417,61
FIFA 22,2021,Sports,4575674.03,3371614.78,73.69%,422,75
FIFA 23,2022,Sports,6197022.16,5097419.77,82.26%,527,99
FIFA Online 3,2012,Sports,1937542.85,1937542.85,100.00%,124,25
FIFA Online 4,2018,Sports,4087518.33,2479725.66,60.67%,427,67
GOALS,2025,Sports,1841.26,0,0.00%,4,1
GOLF Plus,2020,Sports,5000,5000,100.00%,4,1
Golf With Your Friends,2016,Sports,19400,0,0.00%,11,2
Gran Turismo 7,2022,Sports,21242.85,0,0.00%,13,4
Gym Masters VR,2021,Sports,500,0,0.00%,4,1
Just Hoops,2021,Sports,0,0,NA,0,0
Madden NFL 06,2005,Sports,1.00E+05,1.00E+05,100.00%,1,1
Madden NFL 07,2006,Sports,1.00E+05,1.00E+05,100.00%,1,1
Madden NFL 08,2007,Sports,1.00E+05,1.00E+05,100.00%,1,1
Madden NFL 09,2008,Sports,1.00E+05,1.00E+05,100.00%,1,1
Madden NFL 13,2012,Sports,4.00E+05,4.00E+05,100.00%,8,1
Madden NFL 16,2015,Sports,50000,50000,100.00%,8,1
Madden NFL 17,2016,Sports,1004000,1004000,100.00%,42,5
Madden NFL 18,2017,Sports,423676.62,20676.62,4.88%,40,3
Madden NFL 19,2018,Sports,1269992,1269992,100.00%,45,5
Madden NFL 20,2019,Sports,923000,703000,76.16%,38,2
Madden NFL 2004,2003,Sports,1500,1500,100.00%,3,1
Madden NFL 21,2020,Sports,1280000,330000,25.78%,66,6
Madden NFL 22,2021,Sports,1650000,1.00E+06,60.61%,37,4
Madden NFL 23,2022,Sports,1700000,1260000,74.12%,37,4
Madden NFL 24,2023,Sports,1700000,1700000,100.00%,86,6
Madden NFL 25,2024,Sports,1.00E+05,1.00E+05,100.00%,8,1
Mario Tennis Aces,2018,Sports,61.3,0,0.00%,6,2
NBA 2K Online,2012,Sports,0,0,NA,0,0
NBA 2K Online 2,2018,Sports,0,0,NA,0,0
NBA 2K18,2017,Sports,1.00E+06,1.00E+06,100.00%,91,4
NBA 2K19,2018,Sports,1330000,1330000,100.00%,78,4
NBA 2K20,2019,Sports,250000,0,0.00%,1,1
NBA 2K21,2020,Sports,1330501,1080000,81.17%,64,3
NBA 2K22,2021,Sports,2650000,2150000,81.13%,92,7
NBA 2K23,2022,Sports,2925000,2425000,82.91%,105,9
NHL '94,1993,Sports,3818.56,3818.56,100.00%,16,8
NHL 12,2011,Sports,702.93,702.93,100.00%,6,2
NHL 13,2012,Sports,70000,70000,100.00%,1,1
NHL 14,2013,Sports,3023.96,3023.96,100.00%,6,3
NHL 15,2014,Sports,3157.16,3157.16,100.00%,3,3
NHL 17,2016,Sports,0,0,NA,0,0
NHL 18,2017,Sports,102700,90000,87.63%,20,6
NHL 19,2018,Sports,22566.67,19566.67,86.71%,10,8
NHL 23,2022,Sports,105250,105250,100.00%,12,4
Nock,2022,Sports,4050,0,0.00%,12,2
Pro Evolution Soccer 2008,2007,Sports,2084.15,2084.15,100.00%,6,3
Pro Evolution Soccer 2009,2008,Sports,1395.97,0,0.00%,5,2
Pro Evolution Soccer 2013,2012,Sports,0,0,NA,0,0
Pro Evolution Soccer 2014,2013,Sports,29410.25,29410.25,100.00%,4,1
Pro Evolution Soccer 2015,2014,Sports,26544.76,26544.76,100.00%,3,1
Pro Evolution Soccer 2016,2015,Sports,27243.84,27243.84,100.00%,17,6
Pro Evolution Soccer 2017,2016,Sports,514697.71,514697.71,100.00%,39,16
Pro Evolution Soccer 2018,2017,Sports,250000,250000,100.00%,20,3
Pro Evolution Soccer 2019,2019,Sports,216000,216000,100.00%,25,2
Pro Evolution Soccer 3,2003,Sports,25000,25000,100.00%,8,2
Pro Evolution Soccer 4,2004,Sports,40550.64,40550.64,100.00%,11,2
Pro Evolution Soccer 5,2005,Sports,32000,32000,100.00%,4,1
Pro Evolution Soccer 6,2006,Sports,20216.82,20216.82,100.00%,5,2
Racket: NX,2018,Sports,500,0,0.00%,3,1
Ragnaröck,2021,Sports,0,0,NA,0,0
Rezzil Player,2021,Sports,61650,0,0.00%,19,12
Rocket League,2015,Sports,42262497.19,17816799.61,42.16%,6884,4542
Rocket League Sideswipe,2021,Sports,63500,0,0.00%,32,4
Roller Champions,2022,Sports,8538.95,105,1.23%,60,19
Slapshot Rebound,2020,Sports,638.27,0,0.00%,23,5
Soccer Stars,2018,Sports,0,0,NA,0,0
SuperPlayer,2022,Sports,1000,0,0.00%,3,1
Walkabout Mini Golf,2021,Sports,2000,0,0.00%,7,2
Zwift,2015,Sports,65370.76,0,0.00%,10,7
Artifact Classic,2018,Collectible Card Game,120567.26,11635.81,9.65%,286,192
Artifact Foundry,2020,Collectible Card Game,1174.5,0,0.00%,21,12
Faeria,2017,Collectible Card Game,4100,0,0.00%,12,5
Gwent,2016,Collectible Card Game,1505197.17,755591.17,50.20%,344,122
Hand of the Gods,2017,Collectible Card Game,94434.2,72500,76.77%,48,36
Hearthstone,2014,Collectible Card Game,30708754.65,18315099.29,59.64%,3147,1162
Hearthstone Battlegrounds,2019,Collectible Card Game,1755579.53,399565.43,22.76%,271,51
"KARDS, The World War II Card Game",2019,Collectible Card Game,0,0,NA,0,0
Legends of Runeterra,2020,Collectible Card Game,718091.03,0,0.00%,284,33
Magic: The Gathering Arena,2018,Collectible Card Game,9194000,4434000,48.23%,336,60
Magic: The Gathering Online,2002,Collectible Card Game,1818000,1218000,67.00%,173,16
Mythgard,2019,Collectible Card Game,3000,0,0.00%,9,3
Pokémon TCG,1996,Collectible Card Game,0,0,NA,0,0
Shadowverse,2016,Collectible Card Game,5508473.29,5373673.29,97.55%,248,44
Shardbound,2017,Collectible Card Game,0,0,NA,0,0
The Elder Scrolls: Legends,2017,Collectible Card Game,5000,5000,100.00%,3,1
Yu-Gi-Oh! Duel Links,2016,Collectible Card Game,48746.72,0,0.00%,328,219
Catherine,2011,Puzzle Game,1545,1470,95.15%,11,7
Catherine: Full Body,2019,Puzzle Game,185,185,100.00%,3,1
Cultris II,2011,Puzzle Game,190.95,0,0.00%,3,1
Jstris,2014,Puzzle Game,275,0,0.00%,12,2
Magical Drop III,1997,Puzzle Game,130,130,100.00%,3,1
Microsoft Excel,1985,Puzzle Game,114400,65500,57.26%,86,43
Pac-man,1981,Puzzle Game,0,0,NA,0,0
Panel Attack,2020,Puzzle Game,140,0,0.00%,5,2
Puyo Puyo Champions,2019,Puzzle Game,2482.3,2071.8,83.46%,14,5
Puyo Puyo Tetris,2014,Puzzle Game,3422.84,1617.75,47.26%,31,16
Puyo Puyo Tetris 2,2020,Puzzle Game,1897.64,1787.47,94.19%,14,3
Tetr.io,2020,Puzzle Game,18698.3,5134.63,27.46%,39,18
Tetris,1989,Puzzle Game,308794.74,126896.27,41.09%,180,122
Tetris Effect: Connected,2020,Puzzle Game,11529.88,2653.37,23.01%,35,11
Tetris Ultimate,2014,Puzzle Game,221,221,100.00%,3,1
Twinkle Star Sprites,1996,Puzzle Game,150,0,0.00%,4,2
Wise Star 2,2008,Puzzle Game,12000,12000,100.00%,3,1
Apex Legends,2019,Battle Royale,26153237.01,13376299.25,51.15%,2317,731
Apex Legends Mobile,2022,Battle Royale,0,0,NA,0,0
Ark: Survival Of The Fittest,2017,Battle Royale,0,0,NA,0,0
Fall Guys,2020,Battle Royale,340273.83,0,0.00%,250,7
Farlight 84,2023,Battle Royale,0,0,NA,0,0
Fortnite,2017,Battle Royale,191012698.7,56299884.57,29.47%,9535,2291
Free Fire,2017,Battle Royale,18141992.14,13917001.42,76.71%,1706,95
H1Z1,2016,Battle Royale,2067122,2067122,100.00%,119,13
Penguin Paradise,2022,Battle Royale,0,0,NA,0,0
PLAYERUNKNOWN'S BATTLEGROUNDS Mobile,2017,Battle Royale,87322954.82,60665002.37,69.47%,4263,341
PLAYERUNKNOWN’S BATTLEGROUNDS,2017,Battle Royale,64200450.19,49370328.97,76.90%,3967,631
Radical Heights,2018,Battle Royale,120000,0,0.00%,12,2
Ring of Elysium,2018,Battle Royale,70000,0,0.00%,9,4
Rocket Arena,2020,Battle Royale,1.00E+05,0,0.00%,24,3
Rules Of Survival,2017,Battle Royale,656000,476000,72.56%,0,4
Spellbreak,2020,Battle Royale,50000,0,0.00%,42,1
Super People,2022,Battle Royale,144526,0,0.00%,95,11
Gears 5,2019,Third-Person Shooter,2320920,680000,29.30%,163,112
Gears of War,2006,Third-Person Shooter,252195.57,252195.57,100.00%,33,18
Gears of War 2,2008,Third-Person Shooter,135000,135000,100.00%,0,5
Gears of War 3,2011,Third-Person Shooter,7255.81,4555.81,62.79%,13,4
Gears of War 4,2016,Third-Person Shooter,3142785,3055000,97.21%,155,152
Gears of War: Ultimate Edition,2015,Third-Person Shooter,170000,170000,100.00%,39,3
Knockout City,2021,Third-Person Shooter,0,0,NA,0,0
Mobile Suit Gundam: Extreme Vs Maxi Boost ON,2016,Third-Person Shooter,420,320,76.19%,12,2
PARAVOX,2024,Third-Person Shooter,0,0,NA,0,0
Rogue Company,2020,Third-Person Shooter,50000,0,0.00%,48,2
The Division 2,2019,Third-Person Shooter,27250,0,0.00%,40,2
Audio Trip,2020,Music / Rhythm Game,650,0,0.00%,4,2
Beat Saber,2019,Music / Rhythm Game,16692.06,0,0.00%,63,11
Groove Gunner,2020,Music / Rhythm Game,0,0,NA,0,0
Guitar Hero 5,2009,Music / Rhythm Game,10500,10500,100.00%,3,1
Guitar Hero III: Legends of Rock,2007,Music / Rhythm Game,19000,19000,100.00%,8,2
Guitar Hero: World Tour,2008,Music / Rhythm Game,0,0,NA,0,0
Just Dance 2014,2013,Music / Rhythm Game,0,0,NA,3,1
osu!,2007,Music / Rhythm Game,274092.83,32667.89,11.92%,1059,251
Synth Riders,2018,Music / Rhythm Game,2100,600,28.57%,11,7
